,num_topic,c_v,u_mass,c_npmi,c_uci
0,10,0.5017054480283049,-1.7692365912285806,0.027261496486978964,-0.23636496677033564
1,15,0.5024808169835037,-1.930896750985635,0.02848994345206885,-0.3193942552950297
2,20,0.48352381760803487,-2.39612908496162,0.013157179303941623,-0.9173379834002955
3,25,0.4903675425067643,-2.4653899238794215,0.0031848201100537123,-1.1479541319828501
4,30,0.5082615420437594,-2.528586375388151,0.019889868950173424,-0.888930348267385
5,35,0.4811753564280165,-2.9066113637343127,-0.0036092959225992338,-1.4587144552333091
6,40,0.49662381709137005,-2.696124721629001,0.0026329010819048765,-1.3376772178907212
7,50,0.46845327036378714,-3.321530353970556,-0.022469792071851256,-2.0979481397466184
