,num_topic,c_v,u_mass,c_npmi,c_uci
0,10,0.4524901597756683,-2.0188858207849245,0.007690306778880612,-0.4152843780562705
1,15,0.5204964256679736,-1.935099421301951,0.03498088942623734,-0.16057440054090868
2,20,0.5063701115936415,-2.102096716812519,0.026692633372714852,-0.31068207903200745
3,25,0.5374114238363259,-2.036613199772486,0.046925497934850034,-0.08286733416568151
4,30,0.49221338002975784,-2.451454479611589,0.02948364139035982,-0.4840724617837837
5,35,0.522083911578506,-2.451426378466378,0.0344544661362113,-0.44682878211813176
6,40,0.4991716498019546,-2.97878076212318,0.017186558887761456,-0.8745685977348607
7,50,0.4960884714399917,-3.098464728480841,0.0010337242488617177,-1.4106763424000577
