num_topic,c_v,u_mass
2,0.3589781640157029,-1.4414061660695157
